n, comparisons_quick, compartisons_merge, time_quick, time_merge
1000000, 34670451, 18673907, 141000.000000, 268000.000000
1000000, 34832675, 18674415, 141000.000000, 260000.000000
1000000, 34340175, 18674113, 141000.000000, 258000.000000
1000000, 34521596, 18673611, 139000.000000, 260000.000000
1000000, 35677736, 18674607, 142000.000000, 256000.000000
1000000, 34970144, 18673799, 142000.000000, 254000.000000
1000000, 33951125, 18674768, 141000.000000, 256000.000000
1000000, 34974790, 18673990, 142000.000000, 254000.000000
1000000, 34676485, 18674550, 143000.000000, 255000.000000
1000000, 34847734, 18673406, 141000.000000, 256000.000000
1000000, 34151878, 18674251, 141000.000000, 256000.000000
1000000, 36448384, 18673843, 145000.000000, 256000.000000
1000000, 34561497, 18674337, 141000.000000, 254000.000000
1000000, 35702849, 18673749, 142000.000000, 256000.000000
1000000, 37818160, 18673847, 145000.000000, 254000.000000
1000000, 34243465, 18675362, 143000.000000, 254000.000000
1000000, 35125136, 18675020, 140000.000000, 261000.000000
1000000, 35162353, 18673864, 141000.000000, 255000.000000
1000000, 34589906, 18674638, 140000.000000, 254000.000000
1000000, 34076044, 18673839, 140000.000000, 254000.000000
1000000, 34323804, 18673769, 140000.000000, 255000.000000
1000000, 35277541, 18674557, 139000.000000, 257000.000000
1000000, 35011686, 18673849, 143000.000000, 255000.000000
1000000, 34253566, 18673579, 141000.000000, 255000.000000
1000000, 34700891, 18675082, 141000.000000, 256000.000000
1000000, 34787460, 18673845, 143000.000000, 256000.000000
1000000, 34375095, 18675077, 142000.000000, 254000.000000
1000000, 35899852, 18674208, 142000.000000, 254000.000000
1000000, 35182674, 18673601, 142000.000000, 255000.000000
1000000, 34614771, 18673356, 143000.000000, 254000.000000
1000000, 35345840, 18674744, 140000.000000, 255000.000000
1000000, 34233391, 18674184, 142000.000000, 254000.000000
1000000, 34987210, 18673899, 142000.000000, 255000.000000
1000000, 35372565, 18674752, 141000.000000, 256000.000000
1000000, 35708820, 18674273, 143000.000000, 255000.000000
1000000, 35571755, 18674341, 142000.000000, 255000.000000
1000000, 34579776, 18674469, 143000.000000, 254000.000000
1000000, 34361596, 18675039, 141000.000000, 254000.000000
1000000, 35042827, 18675060, 141000.000000, 255000.000000
1000000, 34522801, 18674731, 142000.000000, 254000.000000
1000000, 34164085, 18674371, 143000.000000, 254000.000000
1000000, 34497819, 18673098, 139000.000000, 254000.000000
1000000, 34672054, 18673945, 141000.000000, 256000.000000
1000000, 35314003, 18674650, 142000.000000, 254000.000000
1000000, 35523607, 18673850, 142000.000000, 255000.000000
1000000, 35479319, 18673431, 142000.000000, 255000.000000
1000000, 34901540, 18673896, 141000.000000, 254000.000000
1000000, 35522280, 18674483, 142000.000000, 255000.000000
1000000, 35557485, 18675023, 143000.000000, 253000.000000
1000000, 34770843, 18674276, 141000.000000, 256000.000000
1000000, 35247504, 18673642, 139000.000000, 255000.000000
1000000, 35107793, 18674603, 141000.000000, 255000.000000
1000000, 36797814, 18674341, 144000.000000, 255000.000000
1000000, 34730973, 18674412, 143000.000000, 254000.000000
1000000, 35733595, 18673562, 143000.000000, 256000.000000
1000000, 35192070, 18674171, 142000.000000, 254000.000000
1000000, 34803413, 18673964, 140000.000000, 255000.000000
1000000, 35517192, 18674058, 142000.000000, 255000.000000
1000000, 35857916, 18674438, 143000.000000, 257000.000000
1000000, 34792459, 18674508, 142000.000000, 255000.000000
1000000, 35212936, 18675350, 141000.000000, 254000.000000
1000000, 36315917, 18674759, 141000.000000, 255000.000000
1000000, 36475743, 18674171, 142000.000000, 255000.000000
1000000, 35316811, 18674515, 142000.000000, 255000.000000
1000000, 37026386, 18674646, 142000.000000, 254000.000000
1000000, 34409141, 18674175, 141000.000000, 254000.000000
1000000, 35072045, 18674194, 143000.000000, 255000.000000
1000000, 35588484, 18673822, 141000.000000, 254000.000000
1000000, 35312778, 18673347, 143000.000000, 254000.000000
1000000, 37442570, 18674413, 143000.000000, 255000.000000
1000000, 34806425, 18674355, 140000.000000, 255000.000000
1000000, 35791098, 18674296, 143000.000000, 254000.000000
1000000, 35233576, 18673842, 141000.000000, 254000.000000
1000000, 35567279, 18673910, 143000.000000, 253000.000000
1000000, 34412223, 18674471, 141000.000000, 255000.000000
1000000, 35123458, 18673933, 142000.000000, 254000.000000
1000000, 34595916, 18674371, 140000.000000, 255000.000000
1000000, 34455212, 18674265, 141000.000000, 254000.000000
1000000, 35402246, 18673748, 142000.000000, 254000.000000
1000000, 35546806, 18673084, 142000.000000, 254000.000000
1000000, 35467471, 18674259, 143000.000000, 255000.000000
1000000, 34473113, 18675099, 143000.000000, 256000.000000
1000000, 34955864, 18674413, 143000.000000, 254000.000000
1000000, 34389913, 18674065, 144000.000000, 256000.000000
1000000, 37805960, 18673801, 144000.000000, 254000.000000
1000000, 34786640, 18673733, 141000.000000, 256000.000000
1000000, 34809758, 18673886, 142000.000000, 266000.000000
1000000, 35564679, 18674051, 143000.000000, 256000.000000
1000000, 34381263, 18674798, 141000.000000, 255000.000000
1000000, 35570618, 18674290, 142000.000000, 254000.000000
1000000, 35526442, 18674880, 141000.000000, 260000.000000
1000000, 34652987, 18673703, 141000.000000, 253000.000000
1000000, 35571348, 18673822, 142000.000000, 255000.000000
1000000, 35041826, 18673731, 142000.000000, 256000.000000
1000000, 35494150, 18674383, 143000.000000, 254000.000000
1000000, 35487543, 18673387, 140000.000000, 257000.000000
1000000, 34699678, 18673182, 142000.000000, 254000.000000
1000000, 34945242, 18674940, 142000.000000, 254000.000000
1000000, 34940390, 18673259, 142000.000000, 254000.000000
1000000, 34937058, 18674125, 140000.000000, 255000.000000
1000000, 36766355, 18674169, 142000.000000, 254000.000000
1000000, 34566422, 18674780, 140000.000000, 254000.000000
1000000, 35625721, 18673901, 141000.000000, 256000.000000
1000000, 34493411, 18673920, 139000.000000, 254000.000000
1000000, 35967109, 18674189, 140000.000000, 256000.000000
1000000, 34454462, 18673316, 141000.000000, 254000.000000
1000000, 34990556, 18673995, 139000.000000, 255000.000000
1000000, 34479935, 18673167, 140000.000000, 254000.000000
1000000, 35603113, 18675039, 141000.000000, 255000.000000
1000000, 36376218, 18674753, 141000.000000, 255000.000000
1000000, 35994107, 18674351, 143000.000000, 254000.000000
1000000, 35495628, 18674638, 144000.000000, 255000.000000
1000000, 34937750, 18674410, 141000.000000, 259000.000000
1000000, 34238286, 18673214, 141000.000000, 255000.000000
1000000, 34999486, 18674095, 142000.000000, 256000.000000
1000000, 35201756, 18673516, 143000.000000, 255000.000000
1000000, 35335474, 18673782, 142000.000000, 254000.000000
1000000, 35613094, 18673659, 141000.000000, 255000.000000
1000000, 34199087, 18674187, 142000.000000, 254000.000000
1000000, 35244821, 18673651, 141000.000000, 263000.000000
1000000, 34941771, 18673523, 141000.000000, 254000.000000
1000000, 34837436, 18674458, 142000.000000, 256000.000000
1000000, 35787993, 18673971, 142000.000000, 259000.000000
1000000, 35021005, 18674360, 140000.000000, 256000.000000
1000000, 34959670, 18674441, 142000.000000, 254000.000000
1000000, 35128993, 18673544, 143000.000000, 256000.000000
1000000, 34689956, 18673820, 141000.000000, 255000.000000
1000000, 34463095, 18674514, 143000.000000, 255000.000000
1000000, 34808254, 18673935, 142000.000000, 256000.000000
1000000, 36084350, 18673733, 142000.000000, 256000.000000
1000000, 34377481, 18674912, 141000.000000, 254000.000000
1000000, 35028135, 18673927, 141000.000000, 254000.000000
1000000, 34833486, 18674909, 139000.000000, 255000.000000
1000000, 34580567, 18673943, 140000.000000, 254000.000000
1000000, 35164905, 18674298, 141000.000000, 254000.000000
1000000, 36808975, 18673785, 143000.000000, 254000.000000
1000000, 35350884, 18674850, 138000.000000, 254000.000000
1000000, 34826228, 18674565, 142000.000000, 254000.000000
1000000, 35324346, 18674172, 140000.000000, 254000.000000
1000000, 34223887, 18674430, 142000.000000, 254000.000000
1000000, 34232550, 18674194, 140000.000000, 255000.000000
1000000, 34073633, 18674123, 141000.000000, 254000.000000
1000000, 35425127, 18674022, 140000.000000, 254000.000000
1000000, 34933433, 18674164, 140000.000000, 254000.000000
1000000, 36219742, 18673901, 141000.000000, 254000.000000
1000000, 35127128, 18674930, 142000.000000, 254000.000000
1000000, 35325658, 18674170, 141000.000000, 254000.000000
1000000, 35284561, 18674723, 139000.000000, 254000.000000
1000000, 35193048, 18674813, 139000.000000, 254000.000000
1000000, 35570812, 18673622, 139000.000000, 254000.000000
1000000, 35577562, 18673870, 141000.000000, 254000.000000
1000000, 34673618, 18674417, 142000.000000, 253000.000000
1000000, 35351052, 18674650, 143000.000000, 255000.000000
1000000, 34266078, 18674731, 141000.000000, 254000.000000
1000000, 35314479, 18674418, 140000.000000, 254000.000000
1000000, 35271725, 18675072, 143000.000000, 253000.000000
1000000, 34014077, 18673962, 140000.000000, 254000.000000
1000000, 34924322, 18673842, 142000.000000, 253000.000000
1000000, 34506354, 18674804, 141000.000000, 255000.000000
1000000, 35044324, 18674437, 142000.000000, 255000.000000
1000000, 35185038, 18674002, 142000.000000, 256000.000000
1000000, 33975826, 18675151, 141000.000000, 255000.000000
1000000, 35503235, 18673903, 141000.000000, 253000.000000
1000000, 34771307, 18673645, 143000.000000, 254000.000000
1000000, 35610665, 18673054, 141000.000000, 253000.000000
1000000, 34489895, 18674557, 140000.000000, 254000.000000
1000000, 34032035, 18673853, 141000.000000, 254000.000000
1000000, 35688214, 18673382, 142000.000000, 254000.000000
1000000, 35185761, 18673141, 141000.000000, 254000.000000
1000000, 34685637, 18674775, 144000.000000, 253000.000000
1000000, 36164588, 18674498, 142000.000000, 254000.000000
1000000, 35018876, 18674675, 141000.000000, 254000.000000
1000000, 34461465, 18674051, 140000.000000, 255000.000000
1000000, 34922700, 18673894, 143000.000000, 253000.000000
1000000, 34556409, 18674869, 141000.000000, 254000.000000
1000000, 35968816, 18674797, 141000.000000, 256000.000000
1000000, 34611602, 18674353, 142000.000000, 254000.000000
1000000, 34898763, 18672833, 142000.000000, 255000.000000
1000000, 35235606, 18675578, 141000.000000, 254000.000000
1000000, 34886964, 18674858, 141000.000000, 255000.000000
1000000, 34607988, 18673749, 141000.000000, 255000.000000
1000000, 34828434, 18673017, 141000.000000, 256000.000000
1000000, 34522087, 18674585, 142000.000000, 257000.000000
1000000, 37155904, 18673922, 144000.000000, 255000.000000
1000000, 35238215, 18674175, 142000.000000, 254000.000000
1000000, 35380397, 18673991, 140000.000000, 253000.000000
1000000, 35719954, 18672180, 140000.000000, 253000.000000
1000000, 35539551, 18674453, 143000.000000, 254000.000000
1000000, 34404881, 18674240, 140000.000000, 254000.000000
1000000, 34777742, 18674375, 142000.000000, 253000.000000
1000000, 36580935, 18674986, 141000.000000, 253000.000000
1000000, 34560915, 18673007, 141000.000000, 255000.000000
1000000, 34845508, 18674339, 140000.000000, 256000.000000
1000000, 34259592, 18674744, 141000.000000, 254000.000000
1000000, 34213309, 18674661, 142000.000000, 254000.000000
1000000, 34332800, 18675529, 142000.000000, 254000.000000
1000000, 35558835, 18673836, 141000.000000, 254000.000000
1000000, 34693322, 18675150, 141000.000000, 253000.000000
1000000, 35170436, 18674749, 142000.000000, 254000.000000
1000000, 34867058, 18673819, 141000.000000, 255000.000000
1000000, 35954490, 18674273, 141000.000000, 253000.000000
1000000, 35137386, 18674999, 142000.000000, 253000.000000
1000000, 35528998, 18674977, 142000.000000, 255000.000000
1000000, 34625105, 18674219, 144000.000000, 253000.000000
1000000, 34793311, 18673469, 143000.000000, 254000.000000
1000000, 36231854, 18674087, 144000.000000, 255000.000000
1000000, 34790651, 18674592, 142000.000000, 254000.000000
1000000, 36464504, 18673722, 142000.000000, 254000.000000
1000000, 34483877, 18673734, 140000.000000, 254000.000000
1000000, 34486216, 18674194, 142000.000000, 255000.000000
1000000, 35887040, 18674272, 142000.000000, 255000.000000
1000000, 35764482, 18673885, 142000.000000, 253000.000000
1000000, 34226688, 18673220, 141000.000000, 254000.000000
1000000, 34496452, 18673614, 142000.000000, 255000.000000
1000000, 34950121, 18674323, 143000.000000, 253000.000000
1000000, 34769998, 18674283, 142000.000000, 254000.000000
1000000, 34233380, 18673859, 140000.000000, 255000.000000
1000000, 34532632, 18673582, 141000.000000, 254000.000000
1000000, 34374059, 18674397, 140000.000000, 254000.000000
1000000, 35330059, 18674726, 141000.000000, 257000.000000
1000000, 34765351, 18674235, 141000.000000, 254000.000000
1000000, 35755363, 18674339, 141000.000000, 254000.000000
1000000, 35433606, 18673917, 142000.000000, 254000.000000
1000000, 34440845, 18674182, 143000.000000, 255000.000000
1000000, 35227518, 18674656, 139000.000000, 255000.000000
1000000, 34146139, 18673505, 143000.000000, 255000.000000
1000000, 34567759, 18674774, 142000.000000, 253000.000000
1000000, 35567006, 18674512, 143000.000000, 254000.000000
1000000, 35297835, 18673947, 145000.000000, 255000.000000
1000000, 35239304, 18674269, 141000.000000, 254000.000000
1000000, 34834138, 18673793, 141000.000000, 253000.000000
1000000, 34871883, 18672997, 140000.000000, 254000.000000
1000000, 34325661, 18674583, 142000.000000, 253000.000000
1000000, 35078577, 18673613, 141000.000000, 255000.000000
1000000, 34737870, 18673083, 140000.000000, 256000.000000
1000000, 34619905, 18675124, 142000.000000, 253000.000000
1000000, 36173345, 18672962, 142000.000000, 254000.000000
1000000, 34387615, 18674194, 141000.000000, 254000.000000
1000000, 34263090, 18674146, 142000.000000, 254000.000000
1000000, 34824879, 18673795, 141000.000000, 253000.000000
1000000, 34354124, 18672353, 140000.000000, 256000.000000
1000000, 34916259, 18675323, 141000.000000, 254000.000000
1000000, 35261360, 18674738, 141000.000000, 255000.000000
1000000, 34240959, 18674239, 143000.000000, 254000.000000
1000000, 35417222, 18674068, 140000.000000, 255000.000000
1000000, 34657930, 18674121, 142000.000000, 255000.000000
1000000, 34049132, 18674808, 142000.000000, 254000.000000
1000000, 35328977, 18675188, 141000.000000, 254000.000000
1000000, 35743652, 18674633, 143000.000000, 254000.000000
1000000, 34521521, 18674742, 141000.000000, 255000.000000
1000000, 35449062, 18674076, 140000.000000, 255000.000000
1000000, 35432085, 18675329, 142000.000000, 254000.000000
1000000, 34873296, 18674938, 140000.000000, 254000.000000
1000000, 34628971, 18674272, 141000.000000, 255000.000000
1000000, 34561325, 18673003, 141000.000000, 254000.000000
1000000, 34432198, 18675062, 141000.000000, 253000.000000
1000000, 34407691, 18674815, 140000.000000, 254000.000000
1000000, 35011823, 18674715, 142000.000000, 254000.000000
1000000, 35925337, 18673835, 143000.000000, 253000.000000
1000000, 34402836, 18674312, 142000.000000, 254000.000000
1000000, 34351805, 18673893, 141000.000000, 253000.000000
1000000, 35780971, 18673962, 142000.000000, 254000.000000
1000000, 34330156, 18674311, 142000.000000, 254000.000000
1000000, 35928891, 18673810, 141000.000000, 254000.000000
1000000, 35825779, 18673332, 141000.000000, 254000.000000
1000000, 34441723, 18673548, 141000.000000, 255000.000000
1000000, 35127515, 18673406, 140000.000000, 254000.000000
1000000, 35856754, 18673124, 143000.000000, 254000.000000
1000000, 34959886, 18674459, 141000.000000, 254000.000000
1000000, 34948983, 18673975, 142000.000000, 253000.000000
1000000, 36354773, 18672885, 143000.000000, 255000.000000
1000000, 34874475, 18674191, 140000.000000, 253000.000000
1000000, 34577908, 18675598, 140000.000000, 254000.000000
1000000, 35228736, 18674592, 142000.000000, 255000.000000
1000000, 35300692, 18674253, 142000.000000, 253000.000000
1000000, 35623255, 18674453, 142000.000000, 254000.000000
1000000, 34969532, 18673429, 142000.000000, 255000.000000
1000000, 34766054, 18674743, 142000.000000, 254000.000000
1000000, 35505043, 18674541, 141000.000000, 254000.000000
1000000, 33721812, 18674060, 140000.000000, 254000.000000
1000000, 35765768, 18673898, 140000.000000, 253000.000000
1000000, 34851360, 18673719, 142000.000000, 254000.000000
1000000, 34665432, 18674771, 140000.000000, 253000.000000
1000000, 35037302, 18673399, 141000.000000, 255000.000000
1000000, 34292472, 18674256, 141000.000000, 255000.000000
1000000, 34263781, 18673599, 141000.000000, 254000.000000
1000000, 36597782, 18674136, 143000.000000, 254000.000000
1000000, 35194141, 18675087, 144000.000000, 253000.000000
1000000, 35271923, 18674155, 142000.000000, 254000.000000
1000000, 34230347, 18674407, 141000.000000, 254000.000000
1000000, 34548053, 18674212, 143000.000000, 254000.000000
1000000, 34980498, 18673476, 144000.000000, 254000.000000
1000000, 35262941, 18674589, 139000.000000, 253000.000000
1000000, 34108298, 18674450, 142000.000000, 253000.000000
1000000, 35080096, 18675043, 143000.000000, 255000.000000
1000000, 34368742, 18674315, 141000.000000, 256000.000000
1000000, 35416391, 18673802, 140000.000000, 253000.000000
1000000, 36290214, 18675058, 144000.000000, 253000.000000
1000000, 35480302, 18673223, 143000.000000, 254000.000000
1000000, 34653387, 18674604, 140000.000000, 254000.000000
1000000, 34725271, 18673741, 141000.000000, 253000.000000
1000000, 34536930, 18674208, 142000.000000, 254000.000000
1000000, 34649375, 18674318, 142000.000000, 254000.000000
1000000, 34920507, 18673527, 141000.000000, 254000.000000
1000000, 35045817, 18674061, 141000.000000, 255000.000000
1000000, 35194971, 18673581, 142000.000000, 255000.000000
1000000, 35107806, 18674169, 141000.000000, 254000.000000
1000000, 34007999, 18674319, 142000.000000, 254000.000000
1000000, 34617872, 18674053, 140000.000000, 253000.000000
1000000, 34893611, 18674426, 141000.000000, 254000.000000
1000000, 35413431, 18675323, 141000.000000, 254000.000000
1000000, 35192656, 18674055, 140000.000000, 254000.000000
1000000, 34701746, 18674896, 141000.000000, 253000.000000
1000000, 35564895, 18675041, 143000.000000, 253000.000000
1000000, 34898703, 18674019, 141000.000000, 253000.000000
1000000, 35389655, 18674413, 143000.000000, 253000.000000
1000000, 34805493, 18673977, 141000.000000, 256000.000000
1000000, 34076789, 18674720, 141000.000000, 254000.000000
1000000, 35727620, 18673438, 142000.000000, 253000.000000
1000000, 35327110, 18674615, 141000.000000, 254000.000000
1000000, 34276528, 18674699, 142000.000000, 254000.000000
1000000, 34578218, 18673368, 143000.000000, 254000.000000
1000000, 34895229, 18674283, 141000.000000, 254000.000000
1000000, 34195837, 18674604, 141000.000000, 254000.000000
1000000, 35404896, 18673812, 142000.000000, 254000.000000
1000000, 35058972, 18674202, 141000.000000, 254000.000000
1000000, 34292064, 18673753, 140000.000000, 254000.000000
1000000, 34997476, 18674375, 141000.000000, 254000.000000
1000000, 34785050, 18674160, 142000.000000, 254000.000000
1000000, 34527557, 18674238, 142000.000000, 253000.000000
1000000, 34830688, 18674805, 141000.000000, 255000.000000
1000000, 34804234, 18673518, 140000.000000, 254000.000000
1000000, 37768911, 18674521, 144000.000000, 254000.000000
1000000, 35522133, 18673923, 143000.000000, 253000.000000
1000000, 34789386, 18673987, 139000.000000, 255000.000000
1000000, 34851709, 18674460, 140000.000000, 254000.000000
1000000, 35977021, 18673405, 140000.000000, 254000.000000
1000000, 34675115, 18673504, 141000.000000, 254000.000000
1000000, 34577027, 18674477, 143000.000000, 254000.000000
1000000, 35648456, 18674613, 141000.000000, 254000.000000
1000000, 35784839, 18674078, 144000.000000, 254000.000000
1000000, 34661859, 18673851, 144000.000000, 254000.000000
1000000, 34629405, 18673370, 141000.000000, 253000.000000
1000000, 34621902, 18673664, 142000.000000, 254000.000000
1000000, 34262419, 18674893, 141000.000000, 253000.000000
1000000, 35005484, 18674222, 143000.000000, 254000.000000
1000000, 35767659, 18674185, 142000.000000, 253000.000000
1000000, 35109318, 18674143, 142000.000000, 254000.000000
1000000, 34336589, 18674165, 142000.000000, 255000.000000
1000000, 35536853, 18674261, 142000.000000, 253000.000000
1000000, 35268995, 18674906, 143000.000000, 253000.000000
1000000, 35361974, 18674762, 141000.000000, 254000.000000
1000000, 35530075, 18673038, 143000.000000, 254000.000000
1000000, 35768155, 18674445, 142000.000000, 254000.000000
1000000, 33982507, 18674194, 141000.000000, 253000.000000
1000000, 34265973, 18674266, 142000.000000, 253000.000000
1000000, 35125374, 18674135, 142000.000000, 253000.000000
1000000, 35314562, 18675339, 140000.000000, 255000.000000
1000000, 34664800, 18673748, 144000.000000, 253000.000000
1000000, 35346356, 18674113, 141000.000000, 254000.000000
1000000, 35393055, 18674893, 141000.000000, 255000.000000
1000000, 34778362, 18675013, 141000.000000, 255000.000000
1000000, 36134134, 18674016, 142000.000000, 254000.000000
1000000, 34778220, 18673329, 140000.000000, 253000.000000
1000000, 35444290, 18674758, 143000.000000, 255000.000000
1000000, 35057526, 18674688, 142000.000000, 253000.000000
1000000, 36885695, 18673406, 142000.000000, 255000.000000
1000000, 34644133, 18673736, 140000.000000, 254000.000000
1000000, 35854040, 18673686, 139000.000000, 253000.000000
1000000, 35679073, 18674169, 142000.000000, 256000.000000
1000000, 34152623, 18674448, 141000.000000, 256000.000000
1000000, 34957766, 18674310, 143000.000000, 254000.000000
1000000, 36086653, 18674102, 141000.000000, 254000.000000
1000000, 34187878, 18673900, 140000.000000, 254000.000000
1000000, 35217690, 18674672, 140000.000000, 254000.000000
1000000, 34528753, 18674044, 141000.000000, 254000.000000
1000000, 35974975, 18674519, 141000.000000, 253000.000000
1000000, 34698981, 18673858, 142000.000000, 254000.000000
1000000, 34996557, 18674372, 142000.000000, 253000.000000
1000000, 35839042, 18673714, 141000.000000, 255000.000000
1000000, 34446600, 18674159, 141000.000000, 254000.000000
1000000, 34551734, 18674387, 142000.000000, 253000.000000
1000000, 35187789, 18673305, 142000.000000, 253000.000000
1000000, 34362863, 18674372, 140000.000000, 254000.000000
1000000, 34914433, 18674440, 141000.000000, 254000.000000
1000000, 35020090, 18674861, 141000.000000, 254000.000000
1000000, 34471469, 18673540, 141000.000000, 254000.000000
1000000, 34649250, 18674460, 140000.000000, 253000.000000
1000000, 34665368, 18673374, 141000.000000, 254000.000000
1000000, 35632876, 18673522, 142000.000000, 254000.000000
1000000, 35036189, 18674535, 143000.000000, 253000.000000
1000000, 37139059, 18673984, 144000.000000, 254000.000000
1000000, 35757477, 18674360, 141000.000000, 254000.000000
1000000, 33975709, 18674623, 143000.000000, 253000.000000
1000000, 35781740, 18675271, 143000.000000, 257000.000000
1000000, 35735763, 18674220, 142000.000000, 253000.000000
1000000, 34007601, 18674070, 140000.000000, 254000.000000
1000000, 35246815, 18674076, 141000.000000, 254000.000000
1000000, 34823477, 18674318, 142000.000000, 255000.000000
1000000, 35594814, 18674674, 142000.000000, 253000.000000
1000000, 35160924, 18674706, 142000.000000, 254000.000000
1000000, 34976807, 18675021, 142000.000000, 254000.000000
1000000, 34624224, 18673452, 141000.000000, 254000.000000
1000000, 34437954, 18673633, 142000.000000, 254000.000000
1000000, 35457014, 18674725, 140000.000000, 254000.000000
1000000, 35009707, 18675278, 140000.000000, 253000.000000
1000000, 35305711, 18673831, 141000.000000, 254000.000000
1000000, 35117403, 18673513, 142000.000000, 253000.000000
1000000, 35057781, 18672655, 141000.000000, 254000.000000
1000000, 34644655, 18674608, 141000.000000, 253000.000000
1000000, 34856516, 18674179, 142000.000000, 253000.000000
1000000, 35342396, 18674164, 141000.000000, 254000.000000
1000000, 34548331, 18675052, 141000.000000, 255000.000000
1000000, 35714459, 18673234, 142000.000000, 254000.000000
1000000, 34265898, 18673459, 140000.000000, 254000.000000
1000000, 34190230, 18674330, 141000.000000, 253000.000000
1000000, 34929910, 18673538, 140000.000000, 254000.000000
1000000, 34554248, 18674390, 141000.000000, 253000.000000
1000000, 34453383, 18674179, 143000.000000, 254000.000000
1000000, 34195020, 18674057, 141000.000000, 254000.000000
1000000, 34799763, 18674528, 141000.000000, 253000.000000
1000000, 35110793, 18673861, 141000.000000, 253000.000000
1000000, 35014619, 18674071, 142000.000000, 254000.000000
1000000, 34888726, 18674810, 142000.000000, 253000.000000
1000000, 34840622, 18674647, 141000.000000, 254000.000000
1000000, 34991901, 18674832, 140000.000000, 254000.000000
1000000, 35237377, 18673880, 142000.000000, 253000.000000
1000000, 34363689, 18674554, 143000.000000, 254000.000000
1000000, 34026421, 18674806, 141000.000000, 253000.000000
1000000, 35091038, 18674601, 141000.000000, 253000.000000
1000000, 35672338, 18674209, 141000.000000, 253000.000000
1000000, 35354602, 18673854, 141000.000000, 253000.000000
1000000, 34952008, 18674478, 139000.000000, 254000.000000
1000000, 35712520, 18673310, 142000.000000, 253000.000000
1000000, 36094294, 18672849, 143000.000000, 254000.000000
1000000, 34482778, 18674112, 140000.000000, 254000.000000
1000000, 35574895, 18674088, 145000.000000, 254000.000000
1000000, 35178312, 18674025, 141000.000000, 253000.000000
1000000, 35067573, 18674059, 143000.000000, 253000.000000
1000000, 34164347, 18674655, 141000.000000, 255000.000000
1000000, 35169817, 18673917, 141000.000000, 253000.000000
1000000, 34241340, 18674172, 140000.000000, 253000.000000
1000000, 35688467, 18673763, 141000.000000, 254000.000000
1000000, 34954222, 18675613, 141000.000000, 254000.000000
1000000, 34394872, 18673340, 140000.000000, 254000.000000
1000000, 34336878, 18674156, 142000.000000, 253000.000000
1000000, 34159379, 18674559, 142000.000000, 253000.000000
1000000, 34895256, 18674158, 140000.000000, 253000.000000
1000000, 35106891, 18674258, 141000.000000, 254000.000000
1000000, 34901183, 18674807, 142000.000000, 253000.000000
1000000, 34974729, 18673537, 143000.000000, 254000.000000
1000000, 35126991, 18673784, 141000.000000, 253000.000000
1000000, 34900813, 18673310, 140000.000000, 254000.000000
1000000, 34244723, 18674096, 141000.000000, 253000.000000
1000000, 34819428, 18674433, 141000.000000, 254000.000000
1000000, 36506238, 18673956, 143000.000000, 255000.000000
1000000, 36420285, 18673039, 143000.000000, 255000.000000
1000000, 35679256, 18675396, 144000.000000, 255000.000000
1000000, 36263142, 18674609, 142000.000000, 253000.000000
1000000, 35990739, 18674358, 142000.000000, 253000.000000
1000000, 35349987, 18674691, 139000.000000, 254000.000000
1000000, 36039189, 18674452, 141000.000000, 254000.000000
1000000, 35379445, 18673628, 141000.000000, 254000.000000
1000000, 35391866, 18674523, 142000.000000, 253000.000000
1000000, 35500122, 18673662, 140000.000000, 254000.000000
1000000, 35371645, 18674251, 142000.000000, 254000.000000
1000000, 35965610, 18674286, 141000.000000, 254000.000000
1000000, 34038015, 18673597, 140000.000000, 254000.000000
1000000, 35201738, 18673763, 141000.000000, 255000.000000
1000000, 37756894, 18673011, 145000.000000, 254000.000000
1000000, 36377136, 18673263, 144000.000000, 254000.000000
1000000, 35581467, 18674662, 141000.000000, 253000.000000
1000000, 34800273, 18674163, 141000.000000, 253000.000000
1000000, 34498322, 18674348, 140000.000000, 253000.000000
1000000, 34023075, 18674759, 141000.000000, 253000.000000
1000000, 35347120, 18673598, 140000.000000, 254000.000000
1000000, 35620809, 18674689, 144000.000000, 254000.000000
1000000, 35606340, 18674389, 143000.000000, 253000.000000
1000000, 35726855, 18674694, 141000.000000, 253000.000000
1000000, 35492459, 18673766, 142000.000000, 253000.000000
1000000, 34366960, 18674805, 140000.000000, 254000.000000
1000000, 36296656, 18674646, 143000.000000, 253000.000000
1000000, 35299623, 18673941, 141000.000000, 254000.000000
1000000, 34275037, 18674558, 141000.000000, 253000.000000
1000000, 35381069, 18673499, 140000.000000, 254000.000000
1000000, 34977841, 18674482, 141000.000000, 254000.000000
1000000, 35227361, 18673446, 144000.000000, 253000.000000
1000000, 36387361, 18673938, 142000.000000, 255000.000000
1000000, 34776291, 18673931, 142000.000000, 253000.000000
1000000, 34689987, 18674575, 141000.000000, 253000.000000
1000000, 34972600, 18673925, 142000.000000, 253000.000000
1000000, 34604544, 18674541, 140000.000000, 254000.000000
1000000, 35191923, 18674917, 142000.000000, 254000.000000
1000000, 35156533, 18674455, 142000.000000, 254000.000000
1000000, 34691173, 18674724, 141000.000000, 254000.000000
1000000, 34496617, 18675107, 141000.000000, 255000.000000
1000000, 35558663, 18673798, 142000.000000, 254000.000000
1000000, 35078902, 18674396, 143000.000000, 252000.000000
1000000, 35278934, 18673030, 141000.000000, 255000.000000
1000000, 34609897, 18675182, 139000.000000, 254000.000000
